{"cameraMode":{"drawMode":0,"name":"Shaded","section":"Shading Mode"},"sceneLighting":false,"audioPlay":false,"sceneViewState":{"m_AlwaysRefresh":false,"showFog":true,"showSkybox":false,"showFlares":true,"showImageEffects":true,"showParticleSystems":true,"showVisualEffectGraphs":true,"m_FxEnabled":true},"in2DMode":false,"pivot":{"x":-28.039093017578126,"y":21.149648666381837,"z":-12.660069465637207},"rotation":{"x":-0.16392479836940766,"y":0.020708873867988588,"z":-0.003468278096988797,"w":-0.9862783551216126},"size":0.3384845554828644,"orthographic":false}