{"cameraMode":{"drawMode":0,"name":"Shaded","section":"Shading Mode"},"sceneLighting":false,"audioPlay":false,"sceneViewState":{"m_AlwaysRefresh":false,"showFog":true,"showSkybox":false,"showFlares":true,"showImageEffects":true,"showParticleSystems":true,"showVisualEffectGraphs":true,"m_FxEnabled":true},"in2DMode":false,"pivot":{"x":-55.27000045776367,"y":26.469999313354493,"z":3.8710880279541017},"rotation":{"x":0.04855233058333397,"y":-0.0338740274310112,"z":0.0017499033128842712,"w":0.9982844591140747},"size":2.371708393096924,"orthographic":false}