{"cameraMode":{"drawMode":0,"name":"Shaded","section":"Shading Mode"},"sceneLighting":false,"audioPlay":false,"sceneViewState":{"m_AlwaysRefresh":false,"showFog":true,"showSkybox":false,"showFlares":true,"showImageEffects":true,"showParticleSystems":true,"showVisualEffectGraphs":true,"m_FxEnabled":true},"in2DMode":false,"pivot":{"x":1.32759690284729,"y":1.2949174642562867,"z":1.1385036706924439},"rotation":{"x":-0.005659325048327446,"y":0.7335339784622192,"z":-0.006208992097526789,"w":-0.6796562075614929},"size":1.3717643022537232,"orthographic":false}